{
  "HTTP Request 2" : {
    "transaction" : "HTTP Request 2",
    "sampleCount" : 240,
    "errorCount" : 208,
    "errorPct" : 86.666664,
    "meanResTime" : 980.2541666666665,
    "medianResTime" : 981.5,
    "minResTime" : 909.0,
    "maxResTime" : 1034.0,
    "pct1ResTime" : 1022.0,
    "pct2ResTime" : 1025.95,
    "pct3ResTime" : 1031.59,
    "throughput" : 2.1254173345495446,
    "receivedKBytesPerSec" : 0.4794642619931101,
    "sentKBytesPerSec" : 0.33002085565759526
  },
  "HTTP Request 1" : {
    "transaction" : "HTTP Request 1",
    "sampleCount" : 240,
    "errorCount" : 240,
    "errorPct" : 100.0,
    "meanResTime" : 1378.9916666666675,
    "medianResTime" : 1382.0,
    "minResTime" : 1306.0,
    "maxResTime" : 1433.0,
    "pct1ResTime" : 1419.0,
    "pct2ResTime" : 1422.0,
    "pct3ResTime" : 1427.18,
    "throughput" : 2.117970983797522,
    "receivedKBytesPerSec" : 0.4777844699777613,
    "sentKBytesPerSec" : 0.32886463517949804
  },
  "Total" : {
    "transaction" : "Total",
    "sampleCount" : 720,
    "errorCount" : 448,
    "errorPct" : 62.22222,
    "meanResTime" : 980.2083333333328,
    "medianResTime" : 981.5,
    "minResTime" : 509.0,
    "maxResTime" : 1433.0,
    "pct1ResTime" : 1399.0,
    "pct2ResTime" : 1415.0,
    "pct3ResTime" : 1423.0,
    "throughput" : 6.353912951392566,
    "receivedKBytesPerSec" : 1.4333534099332839,
    "sentKBytesPerSec" : 0.9865939055384941
  },
  "HTTP Request 3" : {
    "transaction" : "HTTP Request 3",
    "sampleCount" : 240,
    "errorCount" : 0,
    "errorPct" : 0.0,
    "meanResTime" : 581.3791666666667,
    "medianResTime" : 585.0,
    "minResTime" : 509.0,
    "maxResTime" : 636.0,
    "pct1ResTime" : 622.0,
    "pct2ResTime" : 625.0,
    "pct3ResTime" : 633.59,
    "throughput" : 2.1330489268097583,
    "receivedKBytesPerSec" : 0.4811858418877483,
    "sentKBytesPerSec" : 0.33120583922143715
  }
}