{
  "HTTP Request 2" : {
    "transaction" : "HTTP Request 2",
    "sampleCount" : 240,
    "errorCount" : 0,
    "errorPct" : 0.0,
    "meanResTime" : 3468.6416666666687,
    "medianResTime" : 3685.5,
    "minResTime" : 917.0,
    "maxResTime" : 7464.0,
    "pct1ResTime" : 5758.0,
    "pct2ResTime" : 6476.549999999999,
    "pct3ResTime" : 7335.42,
    "throughput" : 1.888202667086267,
    "receivedKBytesPerSec" : 0.42595196884465597,
    "sentKBytesPerSec" : 0.2931877188151528
  },
  "HTTP Request 1" : {
    "transaction" : "HTTP Request 1",
    "sampleCount" : 240,
    "errorCount" : 24,
    "errorPct" : 10.0,
    "meanResTime" : 3709.3541666666656,
    "medianResTime" : 3779.5,
    "minResTime" : 1312.0,
    "maxResTime" : 7792.0,
    "pct1ResTime" : 6013.600000000001,
    "pct2ResTime" : 7290.0,
    "pct3ResTime" : 7652.780000000001,
    "throughput" : 1.8630502790694066,
    "receivedKBytesPerSec" : 0.42064182082113943,
    "sentKBytesPerSec" : 0.289282221066441
  },
  "Total" : {
    "transaction" : "Total",
    "sampleCount" : 2680,
    "errorCount" : 24,
    "errorPct" : 0.8955224,
    "meanResTime" : 3501.8231343283583,
    "medianResTime" : 3684.0,
    "minResTime" : 514.0,
    "maxResTime" : 7792.0,
    "pct1ResTime" : 5543.0,
    "pct2ResTime" : 5715.0,
    "pct3ResTime" : 7173.0,
    "throughput" : 20.80406144960837,
    "receivedKBytesPerSec" : 4.693467582925145,
    "sentKBytesPerSec" : 3.230318135241925
  },
  "HTTP Request 3" : {
    "transaction" : "HTTP Request 3",
    "sampleCount" : 2200,
    "errorCount" : 0,
    "errorPct" : 0.0,
    "meanResTime" : 3482.803181818185,
    "medianResTime" : 3683.5,
    "minResTime" : 514.0,
    "maxResTime" : 7351.0,
    "pct1ResTime" : 5526.8,
    "pct2ResTime" : 5626.0,
    "pct3ResTime" : 5934.0,
    "throughput" : 19.98219767843194,
    "receivedKBytesPerSec" : 4.507702796599394,
    "sentKBytesPerSec" : 3.102704522334647
  }
}