{
  "HTTP Request 2" : {
    "transaction" : "HTTP Request 2",
    "sampleCount" : 240,
    "errorCount" : 0,
    "errorPct" : 0.0,
    "meanResTime" : 4186.541666666663,
    "medianResTime" : 4555.5,
    "minResTime" : 920.0,
    "maxResTime" : 7745.0,
    "pct1ResTime" : 6028.8,
    "pct2ResTime" : 7072.649999999998,
    "pct3ResTime" : 7598.59,
    "throughput" : 1.7951441351145152,
    "receivedKBytesPerSec" : 0.40495927266743464,
    "sentKBytesPerSec" : 0.27873820066719524
  },
  "HTTP Request 1" : {
    "transaction" : "HTTP Request 1",
    "sampleCount" : 240,
    "errorCount" : 0,
    "errorPct" : 0.0,
    "meanResTime" : 4385.895833333332,
    "medianResTime" : 4806.0,
    "minResTime" : 1320.0,
    "maxResTime" : 9048.0,
    "pct1ResTime" : 6935.0,
    "pct2ResTime" : 7231.499999999999,
    "pct3ResTime" : 7683.910000000001,
    "throughput" : 1.7503938386136881,
    "receivedKBytesPerSec" : 0.39486423507789253,
    "sentKBytesPerSec" : 0.2717896683003676
  },
  "Total" : {
    "transaction" : "Total",
    "sampleCount" : 2480,
    "errorCount" : 0,
    "errorPct" : 0.0,
    "meanResTime" : 4411.815725806451,
    "medianResTime" : 4540.5,
    "minResTime" : 821.0,
    "maxResTime" : 9486.0,
    "pct1ResTime" : 5634.8,
    "pct2ResTime" : 5905.0,
    "pct3ResTime" : 7286.1900000000005,
    "throughput" : 18.087402999008113,
    "receivedKBytesPerSec" : 4.0802637624715565,
    "sentKBytesPerSec" : 2.8084932391037984
  },
  "HTTP Request 3" : {
    "transaction" : "HTTP Request 3",
    "sampleCount" : 2000,
    "errorCount" : 0,
    "errorPct" : 0.0,
    "meanResTime" : 4441.959000000007,
    "medianResTime" : 4517.0,
    "minResTime" : 821.0,
    "maxResTime" : 9486.0,
    "pct1ResTime" : 5509.0,
    "pct2ResTime" : 5709.0,
    "pct3ResTime" : 6560.330000000001,
    "throughput" : 17.904782367370327,
    "receivedKBytesPerSec" : 4.039067116076704,
    "sentKBytesPerSec" : 2.780137105870978
  }
}